Name,URL,Content,imgUrlList,Address,Time
å¥½è¿å¸¸ä¼´ï¼Œ,https://tieba.baidu.com/home/main?id=tb.1.71cab042.L_pnM8Z5TEpEB3PVQEOSlw?t=1700057399&fr=pb,å°±æ²¡æœ‰ä¸é»‘çš„å—,[],IPå±åœ°:æ¹–å—,2023-11-23 16:19
a862929215,https://tieba.baidu.com/home/main?id=tb.1.bd3bde24.bPBn_PrgK_lIKVXaSXjNzg?t=1700656373&fr=pb,è¿™é‡Œé“å­ã€‚ ç¨³å®šçš„ä¸€æ‰¹ã€‚,[],IPå±åœ°:å¡èˆŒå°”,2023-11-23 16:35
a862929215,https://tieba.baidu.com/home/main?id=tb.1.bd3bde24.bPBn_PrgK_lIKVXaSXjNzg?t=1700656373&fr=pb,ä¸ºä»€ä¹ˆä¸é—®é—®æˆ‘ã€‚ çˆ†é…ã€‚ä¸è¡Œå—,[],IPå±åœ°:å¡èˆŒå°”,2023-11-23 17:11
éœ¸æ°”å›çœ¸3,https://tieba.baidu.com/home/main?id=tb.1.bf2da72b.-vSJTqyUUU6Vsw6PERM_4A?t=1691040426&fr=pb,æœ‰çš„æ¥å¸ˆï¼,[],IPå±åœ°:ç¾å›½,2023-11-23 21:29
ç…¤è€æ¿å•Š,https://tieba.baidu.com/home/main?id=tb.1.29cf41ff.4ypJ41qU6FlBvjubF03VVQ?t=1700895339&fr=pb,é¸¿è£•åŠ©æ‰‹,[],IPå±åœ°:å¹¿ä¸œ,2023-11-23 22:26
æ‰“ç‹—æ£’9b,https://tieba.baidu.com/home/main?id=tb.1.bad1f2cb.F8v56L2M6UTrCJCiKGOK_A&fr=pb,ä¸é»‘ï¼Œä¿å¦¥,[],IPå±åœ°:å±±ä¸œ,2023-11-24 05:58
æğŸš©é‡‡ å½¡,https://tieba.baidu.com/home/main?id=tb.1.3e01f2c3.sjpPcPxu3Hv3uGEt1yOspQ?t=1691508996&fr=pb,,[],IPå±åœ°:æ²³å—,2023-11-24 06:08
Aè¯´çƒ,https://tieba.baidu.com/home/main?id=tb.1.e1f7a90c.7e0852CxqxrCcKWkMQHoCA?t=1700549733&fr=pb,æ¥æˆ‘è¿™çº¿ä¸‹å®ä½“è¯šä¿¡ç»è¥,[],IPå±åœ°:æ¹–å—,2023-11-24 10:53
å¤©å¤©åƒé±¼.,https://tieba.baidu.com/home/main?id=tb.1.5be03819.FMk6tTZj85oqjYQlBlJOdg?t=1679994687&fr=pb,ä¸é»‘è·Ÿè½¯ä»¶æœ‰ä»€ä¹ˆå…³ç³»,[],IPå±åœ°:æ¹–å—,2023-11-24 12:29
äº‘æµ·^_^,https://tieba.baidu.com/home/main?id=tb.1.8a4fefab.5SqFEPE_SFMJHOX64DOhiA?t=1695699149&fr=pb,,[],IPå±åœ°:æ²³å—,2023-11-24 13:44
çŸ­çº¿ä¸­çš„ç¥,https://tieba.baidu.com/home/main?id=tb.1.31345a89.A3AmoGmM34xZu2xOy9g52A?t=1702979759&fr=pb,ç§æˆ‘å§,[],IPå±åœ°:æµ™æ±Ÿ,2023-11-24 15:06
é˜¿æ°´ã€ã€,https://tieba.baidu.com/home/main?id=tb.1.e0fad725.OyRMwLTXRAWYoC2a2Bl2dA&fr=pb,è¿™é‡Œå¯ä»¥ç©å…„å¼Ÿ,[],IPå±åœ°:ä¸­å›½é¦™æ¸¯,2023-11-24 17:22
è€å§œçœ‹çƒ,https://tieba.baidu.com/home/main?id=tb.1.a2896168.n7yt5cIT7n-hPWTRa-cWSA&fr=pb,ç§æˆ‘,[],IPå±åœ°:å¹¿ä¸œ,2023-11-24 17:22
å˜å˜çº¢ï¼Œèµ·æ¥äº†,https://tieba.baidu.com/home/main?id=tb.1.3992a676.D2iUP3MimeWHawAdbqvbXQ&fr=pb,å¯ä»¥å…„å¼Ÿç©5å¹´äº†ç¨³,[],IPå±åœ°:å¹¿è¥¿,2023-11-24 18:40
é˜¿åŸè¶³çƒ,https://tieba.baidu.com/home/main?id=tb.1.a74470f7.x0iRzLM47z73tpPAjty7MQ?t=1676345478&fr=pb,è´´å§å•¥äººéƒ½æœ‰ï¼Œæ— å¥‡ä¸æœ‰,[],IPå±åœ°:æ¹–å—,2023-11-24 19:18
è´´å§ç”¨æˆ·_J51bEZe,https://tieba.baidu.com/home/main?id=tb.1.5d19a0ce.UtA5G-XxJc13NSUyU_mRJw?t=1700816192&fr=pb,111111æ¥çœ‹çœ‹ï¼Œè¯šä¿¡ç¬¬ä¸€,[],IPå±åœ°:æ±Ÿè‹,2023-11-24 20:39
å¶æ˜æ˜,https://tieba.baidu.com/home/main?id=tb.1.d88ce2b2.ZjkrVYPORwC_VH-rl54sYA?t=1652285620&fr=pb,æ€ä¹ˆå…¨æ˜¯å°å¹³å°  196æ¯”è¾ƒå¤§ä¸€ç‚¹  åå¤šå¹´çš„Appäº†,[],IPå±åœ°:å››å·,2023-11-24 21:04
ddlä»¥,https://tieba.baidu.com/home/main?id=tb.1.7ef81e45.jMmwYdqOvDipQTjelLCvIQ&fr=pb,æ¥æˆ‘è¿™,[],IPå±åœ°:è²å¾‹å®¾,2023-11-24 23:14
å¥”æ³¢å„¿éœ¸åœ¨ç‹®é©¼å²­,https://tieba.baidu.com/home/main?id=tb.1.a4d11a20.dvs8t9073vWo5O4cqRy8hw?t=1692193485&fr=pb,å®Œç¾è¿˜å¯ä»¥,[],IPå±åœ°:æ¹–åŒ—,2023-11-25 00:14
æˆ‘åœ¨kyçŒ¥çå‘è‚²ã€‚,https://tieba.baidu.com/home/main?id=tb.1.11efe2b7.zteCeo3gGcldM2P3Wmk9mw?t=1700771227&fr=pb,ç§ã€‚,[],IPå±åœ°:æµ™æ±Ÿ,2023-11-25 09:43
è´´å§ç”¨æˆ·_J51CVPC,https://tieba.baidu.com/home/main?id=tb.1.7b039c21.jFqvlKK2rrDgYuB4j8zHLg?t=1700448730&fr=pb,æ›´å¤šè¶³çƒç¯®çƒè§†é¢‘æºã€‚ç§ä¿¡æˆ‘,[],IPå±åœ°:è¾½å®,2023-11-25 10:01
ğŸ”€äººå–„å¤©ä¸æ¬º,https://tieba.baidu.com/home/main?id=tb.1.b37f2748.fnHGc2IQNIcuecz0iC61Ag?t=1703378240&fr=pb,æˆ‘å°±æä¸ªå¤§å‘ï¼Œè‡³ä»Šæ²¡å‡ºè¿‡ä»»ä½•é—®é¢˜ï¼Œã€‚,[],IPå±åœ°:å±±ä¸œ,2023-11-25 12:21
çˆ±ç¬‘çš„é¸¿é¸¿é¸¿,https://tieba.baidu.com/home/main?id=tb.1.9af8f586.MotlwHaAmPWp45v9mIHsaw?t=1700992379&fr=pb,éšèº«å®,[],IPå±åœ°:æµ™æ±Ÿ,2023-11-25 15:11
æŸæ—S,https://tieba.baidu.com/home/main?id=tb.1.302e84e0.daOB0WMw8C48EdHDJV9XAA?t=1700891212&fr=pb,å“¥ä»¬æˆ‘ç°åœ¨ç”¨çš„æ˜¯å®ä½“åº—çš„çº¿ä¸Šã€‚å¯è·Ÿå¯å‘ã€‚çº¿ä¸Šä¸‹å•åº—é‡Œå‡ºç¥¨ã€‚ äº’å…³æˆ‘å‘ä½ çœ‹çœ‹ã€‚ä¸é»‘ã€‚ç¨³,[],IPå±åœ°:æµ™æ±Ÿ,2023-11-25 15:46
ç¥¥ç‘ç›’,https://tieba.baidu.com/home/main?id=tb.1.a4a60bcd.OJblbg4HeS23Wza84_dAsA?t=1701605176&fr=pb,è‚¯åœ°,[],IPå±åœ°:æ¹–å—,2023-11-25 16:42
å°æ™ºèŠçƒâš½ï¸,https://tieba.baidu.com/home/main?id=tb.1.882ea140.tbhRqnbutJv0k3GS17Nm3g?t=1702638446&fr=pb,å®ä½“åº— ç§,['https://gsp0.baidu.com/5aAHeD3nKhI2p27j8IqW0jdnxx1xbK/tb/editor/images/client/image_emoticon3.png'],IPå±åœ°:è´µå·,2023-11-25 16:45
æœ‹å…‹60,https://tieba.baidu.com/home/main?id=tb.1.429ace67.neLoLoA3D7BoC5h9KN5UfA&fr=pb,å¤§æŠŠçš„,[],IPå±åœ°:ä¸­å›½é¦™æ¸¯,2023-11-25 19:11
åä¸ƒéƒ-99999,https://tieba.baidu.com/home/main?id=tb.1.e63d20e6.wo2pc0X5pV3DzOeLBrA1_Q&fr=pb,ç§æˆ‘,[],IPå±åœ°:ä¸­å›½é¦™æ¸¯,2023-11-25 19:56
å¤æœ«lll,https://tieba.baidu.com/home/main?id=tb.1.c12cf6a0.TjaOdvBA-M8rjvZwBZD4oA?t=1700907208&fr=pb,æˆ‘ä¹Ÿæœ‰ç¨³çš„,[],IPå±åœ°:å®‰å¾½,2023-11-25 21:01
è´´å§ç”¨æˆ·_aySC5MR,https://tieba.baidu.com/home/main?id=tb.1.8d22e367.MpAPP6fbNQRhRhx8GUQAcA?t=1701522335&fr=pb,ç…®ã€‚å¶ å°±æ˜¯ å¼Ÿå­,[],IPå±åœ°:å¹¿è¥¿,2023-11-25 21:29
è´´å§ç”¨æˆ·_aySC5MR,https://tieba.baidu.com/home/main?id=tb.1.8d22e367.MpAPP6fbNQRhRhx8GUQAcA?t=1701522335&fr=pb,1,[],IPå±åœ°:å¹¿è¥¿,2023-11-25 21:29
è´´å§ç”¨æˆ·_aySC5MR,https://tieba.baidu.com/home/main?id=tb.1.8d22e367.MpAPP6fbNQRhRhx8GUQAcA?t=1701522335&fr=pb,æœ‰å—å®«å‘€,[],IPå±åœ°:å¹¿è¥¿,2023-11-25 21:29
è´´å§ç”¨æˆ·_7bbSQGU,https://tieba.baidu.com/home/main?id=tb.1.138fff83.kuxKnLygeDJGvyRIz0TUTg?t=1700932289&fr=pb,å¬äººåŠï¼Œåƒé¥±é¥­ï¼Œå·ç»™æˆ‘ï¼Œä½ æ‹¿ğŸ’°,[],IPå±åœ°:é™•è¥¿,2023-11-26 01:16
åŒ—åŒ—11,https://tieba.baidu.com/home/main?id=tb.1.b1262fe7.8tV5IH7wc0fQCxhBN_LKzw?t=1680323971&fr=pb,åœ¨å®¶å‰ªè¾‘è§†é¢‘ä¹Ÿå¯ä»¥ å°±æ˜¯éœ€è¦è‡ªå·±æ›¹åš,[],IPå±åœ°:å±±ä¸œ,2023-11-26 10:31
è´´å§ç”¨æˆ·_G2QD157,https://tieba.baidu.com/home/main?id=tb.1.6ad9f5e9.VibHgqMew-c2iLBygsiumg?t=1700963628&fr=pb,ä¸å˜¿ï¼Œå–æ¬¾0ç­‰å¾…ï¼Œ,[],IPå±åœ°:æ±Ÿè‹,2023-11-26 13:38
é’±å¤šå¤šå¼€æŠ¤,https://tieba.baidu.com/home/main?id=tb.1.6e32dc62.381CKCAGzi-G7GUhPHmFZg?t=1698914320&fr=pb,äº’ç§,[],IPå±åœ°:åŒ—äº¬,2023-11-26 14:58
è´´å§ç”¨æˆ·_J51Jee6,https://tieba.baidu.com/home/main?id=tb.1.706845d.vHlPavq5zwuljpaNZm4J9A?t=1700998166&fr=pb,æµ©ç€šä½“è‚²,[],IPå±åœ°:åŒ—äº¬,2023-11-26 20:02
å½©ä¹äººç”Ÿ,https://tieba.baidu.com/home/main?id=tb.1.b19c3352.IJAgZGJaP3rAe48u5TTrEw?t=1698122045&fr=pb,ç§æˆ‘ï¼Œç»å¯¹é è°±å®‰å…¨,[],IPå±åœ°:å±±è¥¿,2023-11-27 14:14
ç…¤è€æ¿å•Š,https://tieba.baidu.com/home/main?id=tb.1.29cf41ff.4ypJ41qU6FlBvjubF03VVQ?t=1700895339&fr=pb,æœ‰çš„é¢,[],IPå±åœ°:å¹¿ä¸œ,2023-11-28 16:53
å°æ´è¶³çƒ,https://tieba.baidu.com/home/main?id=tb.1.54c03214.4uTc5jliH2dhTvonVcQVjQ&fr=pb,ç§æˆ‘ï¼Œæœ€è¿‘7è¿çº¢,[],IPå±åœ°:æµ™æ±Ÿ,2023-11-28 20:45
åªä¼šç‚¹ç¡®å®š,https://tieba.baidu.com/home/main?id=tb.1.27b965ab.XVVW2aOcWvkoQ6uvoiM7aw&fr=pb,å¤§å®¶æœ‰æ²¡æœ‰ä»€ä¹ˆå¯ä»¥çœ‹æ¯”èµ›ä¸­å®æ—¶å¿ƒç‡å›¾çš„è½¯ä»¶ï¼Œä»¥å‰æœ‰ä¸ªé‡å­è¶³çƒï¼Œåæ¥ä¸æ›´æ–°äº†,[],IPå±åœ°:è´µå·,2023-11-29 16:39
è´´å§ç”¨æˆ·_7Z6R7e7,https://tieba.baidu.com/home/main?id=tb.1.5a2ac928.hpBZHIUBcGwOg2cUO0gH0A&fr=pb,æœ‰ç§èŠ,[],IPå±åœ°:å±±ä¸œ,2023-11-29 17:15
é•¿è™¹ä½“è‚²886,https://tieba.baidu.com/home/main?id=tb.1.1f0c07d1.ZKpD5YmtBJjw9L3FcQROpw?t=1701327264&fr=pb,é•¿è™¹ ä¸é»‘,[],IPå±åœ°:äº‘å—,2023-11-30 16:40
å…«æœˆè¶³çƒ,https://tieba.baidu.com/home/main?id=tb.1.9650c92d.ReNj5kMZt4EYye6a2XLooA&fr=pb,æ€ä¹ˆå¯èƒ½ä¸é»‘  è¦æ˜¯ä¸é»‘  å¾ˆå¤šäººæ—©å°±è‡ªå·±ä¹°äº†,[],IPå±åœ°:é‡åº†,2023-12-01 14:37
ffzc168888,https://tieba.baidu.com/home/main?id=tb.1.4bb49984.AwsN7m8vf-tzNEiApsCeCw?t=1700198790&fr=pb,è‡³å°Šå®é‡Œé¢å¤§é‡çº¢  éœ€è¦ç§æˆ‘,[],IPå±åœ°:æ¹–å—,2023-12-01 14:41
å—¨ç¿»å…¨åœºç†Š,https://tieba.baidu.com/home/main?id=tb.1.13919e2b.wjULEMSxjFU5y_pSFlDx6Q&fr=pb,æˆ‘è¿™æœ‰ä¸é»‘çš„ï¼Œ,[],IPå±åœ°:æµ™æ±Ÿ,2023-12-01 15:47
å‹¤å¥‹çš„è€å”881,https://tieba.baidu.com/home/main?id=tb.1.6a14f83.tNLWW91rcibRC7ugSZ22dQ?t=1698744683&fr=pb,ä»æ²¡é»‘è¿‡111,[],IPå±åœ°:æ¹–å—,2023-12-01 18:50
lkkkk811,https://tieba.baidu.com/home/main?id=tb.1.7de4cbd4.489j-2_MdePuyMYGIy-UQQ?t=1701936821&fr=pb,åšå–œ å…³æ³¨æˆ‘ å¿…å›èŠ,[],IPå±åœ°:åŒ—äº¬,2023-12-01 18:53
è´´å§ç”¨æˆ·_75WWNAU,https://tieba.baidu.com/home/main?id=tb.1.d71b9f14.-TPgxVqHXdWmOnW3viVi0Q?t=1462754464&fr=pb,è‡³å°Šå®,[],IPå±åœ°:æ¹–åŒ—,2023-12-01 21:32
è´´å§ç”¨æˆ·_5AyX58t,https://tieba.baidu.com/home/main?id=tb.1.946a8881.9u-iaCRZ05184pq26UuqXg?t=1701595545&fr=pb,ç§èŠç¨³å®š,[],IPå±åœ°:æ±Ÿè¥¿,2023-12-01 22:32
æ‰«ç›˜ç›˜çš„æ—¥å¸¸,https://tieba.baidu.com/home/main?id=tb.1.b099c74.3IpBHhil1Pc0UeNAIL856g?t=1701566890&fr=pb,ç§å‘€,[],IPå±åœ°:æµ™æ±Ÿ,2023-12-03 09:20
è¿‡å¾€æœ€ä¸ºä¼¤äºº,https://tieba.baidu.com/home/main?id=tb.1.b077a8ef.CBcwHbZd4TGJHf6ySFVuyA?t=1702699497&fr=pb,æœ‰å•Š,[],IPå±åœ°:ä¸­å›½é¦™æ¸¯,2023-12-03 19:26
äº†è§£äº†æ‰€æœ‰,https://tieba.baidu.com/home/main?id=tb.1.77d67cdf.7MHShBJbEJPEQz9aKywEyA?t=1520323765&fr=pb,ä¸é»‘å•Š,[],IPå±åœ°:å¹¿ä¸œ,2023-12-03 21:38
è´´å§ç”¨æˆ·_7XK5JRM,https://tieba.baidu.com/home/main?id=tb.1.1dfa64a0.pFPqXGSODzK0PMqwb3_KPA?t=1626840331&fr=pb,é»‘çš„ä¸æ•¢çœ‹äº†,[],IPå±åœ°:å¹¿ä¸œ,2023-12-03 22:35
çƒ­çˆ±çƒ,https://tieba.baidu.com/home/main?id=tb.1.74da48d2.6H_tTw3Yi5uzewGuVP4-Ig?t=1701764468&fr=pb,ç§èŠï¼Œä¸€èµ·,[],IPå±åœ°:æµ·å—,2023-12-05 17:20
ä¸­æ¬§å°å“¥,https://tieba.baidu.com/home/main?id=tb.1.fcfba26f.FaV342vG1rnKewFfVzO6Xg?t=1701594252&fr=pb,æˆ‘æœ‰,[],IPå±åœ°:æµ·å—,2023-12-05 17:31
æ ‘æ‡’è¯´çƒ,https://tieba.baidu.com/home/main?id=tb.1.50e56031.X-CXz6v2WPyARoEGhL3NxA?t=1693902551&fr=pb,æˆ‘è¿™é‡Œæœ‰ä¸é»‘çš„,[],IPå±åœ°:å±±ä¸œ,2023-12-05 18:27
æŸ¯è’‚æ–¯æˆ˜ç¥,https://tieba.baidu.com/home/main?id=tb.1.91c8aa16.AC0TywP8GkM5obXA3d_a_w&fr=pb,å¯ä»¥ç§,[],IPå±åœ°:ä¸­å›½é¦™æ¸¯,2023-12-05 18:28
æ­§é€”.,https://tieba.baidu.com/home/main?id=tb.1.5f502186.V3krwSyfVweBSpWDODQyEg?t=1587195043&fr=pb,ç¨³å®šï¼Œèµ›å‰æ¨èå¯å‚è€ƒ,['http://tiebapic.baidu.com/forum/w%3D580/sign=742a720ff5de9c82a665f9875c8180d2/a6fd5266d01609244d6a342d920735fae6cd34bd.jpg?tbpicau=2024-02-04-05_90184ea776d5990abad93f9d1227b5d8'],IPå±åœ°:æ±Ÿè¥¿,2023-12-05 21:17
ğŸŸåƒæ°´,https://tieba.baidu.com/home/main?id=tb.1.ac9a114a.sY5-LRTR-07ctYStfVuE1Q?t=1680145249&fr=pb,æœ‰ï¼Œç¨³å®šä¸é»‘ä¸å¡,[],IPå±åœ°:æ¹–å—,2023-12-05 22:33
mars06996,https://tieba.baidu.com/home/main?id=tb.1.f70c0141.p0aKqdQApbJsm3USrpe0cA&fr=pb,æœ‰ï¼Œé¦™æ¸¯é©¬ä¼š,"['https://gsp0.baidu.com/5aAHeD3nKhI2p27j8IqW0jdnxx1xbK/tb/editor/images/client/image_emoticon67.png', 'https://gsp0.baidu.com/5aAHeD3nKhI2p27j8IqW0jdnxx1xbK/tb/editor/images/client/image_emoticon67.png']",IPå±åœ°:é™•è¥¿,2023-12-06 15:34
bbå‘—,https://tieba.baidu.com/home/main?id=tb.1.a14476ad.8nHcp2gaYp7V-_nXx_pIpQ&fr=pb,è¿™é‡Œæœ‰ï¼Œç§èŠä½ äº†,[],IPå±åœ°:å››å·,2023-12-13 12:30
è´´å§ç”¨æˆ·_J72y9AS,https://tieba.baidu.com/home/main?id=tb.1.5e05d2ce.5Cd1C9dUre1xc3kQ6zda9A&fr=pb,æœ‰ç§æˆ‘,[],IPå±åœ°:æ¹–å—,2023-12-17 04:46
Lanyuan,https://tieba.baidu.com/home/main?id=tb.1.7c0b7e36.0kOIvX9DxzGu8iKCUXaQbw?t=1689899175&fr=pb,æˆ‘ç”¨çš„ä¸€å¹´äº†æ²¡é»‘,['https://gsp0.baidu.com/5aAHeD3nKhI2p27j8IqW0jdnxx1xbK/tb/editor/images/client/image_emoticon2.png'],IPå±åœ°:å¹¿ä¸œ,2023-12-17 06:23
Vicoå­æ‰¬,https://tieba.baidu.com/home/main?id=tb.1.c96e5161.lauBbKb4-FrI33zDcdQO9g?t=1700037446&fr=pb,è¿™é‡Œ,[],IPå±åœ°:ä¸­å›½é¦™æ¸¯,2023-12-17 20:53
ä¸€å®¶å¹¸è¿çš„å°åº—,https://tieba.baidu.com/home/main?id=tb.1.2206e097.J5gZOxqStBd3yG7zGGc5yQ?t=1702022061&fr=pb,å®ä½“å®‰å…¨å¯é ,[],IPå±åœ°:æ±Ÿè¥¿,2023-12-18 14:19
æ„Ÿè§‰å·®è·è¿‡,https://tieba.baidu.com/home/main?id=tb.1.38e8aeb.bwrCc9A7dREytQgKbGHgyA&fr=pb,æœ‰ç¾¤ï¼Œæœ‰å®åŠ›çš„æ‹‰æˆ‘,[],IPå±åœ°:æµ™æ±Ÿ,2023-12-18 21:01
è´´å§ç”¨æˆ·_5GE95aK,https://tieba.baidu.com/home/main?id=tb.1.5f8bc8b6.fF1qUY6MMLeIjdTK397H6g?t=1703220262&fr=pb,å…¨ç½‘å¯»æ‰¾å¤§å“¥æœ¬åº—æ¨å‡º100è¿”5æ´»åŠ¨ï¼Œå†²ä¸šç»©å•¦,[],IPå±åœ°:æ¹–å—,2023-12-19 22:37
åŠæ—¶è¡Œä¹,https://tieba.baidu.com/home/main?id=tb.1.fa79b1f6.Mqr2pGzLn6SCtWB7mO4fVA?t=1703591311&fr=pb,äº’å…³ ä¸ªäººåœ¨ç”¨ ä¸é»‘ä¸å¡,[],IPå±åœ°:æ±Ÿè¥¿,2023-12-19 22:48
å½©å¯Œä¿±ä¹éƒ¨,https://tieba.baidu.com/home/main?id=tb.1.435e0957.7l0hf3gVYdAN61YJW-ScBw?t=1686813299&fr=pb,å£è¢‹,[],IPå±åœ°:æ¹–å—,2023-12-20 14:53
å˜Ÿèµå¼ å°å®,https://tieba.baidu.com/home/main?id=tb.1.d7eeb63e.I4Q7iNMApqV3BZRA9motZw?t=1702809007&fr=pb,äº’ç®¡æ–¯,[],IPå±åœ°:é»‘é¾™æ±Ÿ,2023-12-20 15:17
å¤§ç››02,https://tieba.baidu.com/home/main?id=tb.1.63658c31.y6SSl1H2AFMttmfXvqN4ZA?t=1623649192&fr=pb,ç§èŠ,[],IPå±åœ°:æ±Ÿè‹,2023-12-25 16:27
xxv2580,https://tieba.baidu.com/home/main?id=tb.1.c5c4cc9.jBno-cuk8aZtF_1LlIirZg?t=1648987691&fr=pb,ç§,[],IPå±åœ°:è´µå·,2024-01-01 17:34
xxv2580,https://tieba.baidu.com/home/main?id=tb.1.c5c4cc9.jBno-cuk8aZtF_1LlIirZg?t=1648987691&fr=pb,ç§æˆ‘,[],IPå±åœ°:è´µå·,2024-01-02 23:13
æ£’æ£’ç³–åƒä¸,https://tieba.baidu.com/home/main?id=tb.1.4ba3f37d.-M3E0LIzgLkYM2J9BMZ-Hg?t=1701707819&fr=pb,è‡ªç”±å‘æŒ¥ï¼Œæƒ³ä¸‹ä»€ä¹ˆéƒ½æœ‰,[],IPå±åœ°:æ±Ÿè¥¿,2024-01-03 03:43
æ± é±¼817,https://tieba.baidu.com/home/main?id=tb.1.20cdf9e3.8boP53UvSnatILEimvFl-g&fr=pb,æƒ³è¢«é»‘éƒ½éš¾,[],IPå±åœ°:å¹¿è¥¿,2024-01-03 09:18
lyzi,https://tieba.baidu.com/home/main?id=tb.1.d5ec53e7.DIQqSQp0cIj4tc0lMFz4hw?t=1606805500&fr=pb,æˆ‘ä¹Ÿæƒ³è¦,[],IPå±åœ°:é‡åº†,2024-01-03 17:00
å°æœé˜Ÿ,https://tieba.baidu.com/home/main?id=tb.1.38189e0e.NopNnctQhMzgPnGz7L053Q?t=1701840678&fr=pb,å›å…³æˆ‘ä¸€ä¸‹è€å“¥,[],IPå±åœ°:é‡åº†,2024-01-04 06:58
pbyiy509,https://tieba.baidu.com/home/main?id=tb.1.53c54c1e.xfehoyDJ1b9iqCkVLBIdwg?t=1511294505&fr=pb,188ç¢¾å‹ä¸€åˆ‡,[],IPå±åœ°:å¹¿ä¸œ,2024-01-05 17:01
è´´å§ç”¨æˆ·_GaRKUeM,https://tieba.baidu.com/home/main?id=tb.1.7fcf4c94.8XZtbT0QXXZs76L2IXw18A&fr=pb,æ¥è¿™,[],IPå±åœ°:æ²³åŒ—,2024-01-05 19:17
é£é€¸å°˜iw,https://tieba.baidu.com/home/main?id=tb.1.5014a958.czmZ1jNWxgiAKi2EIgLPYA?t=1633344002&fr=pb,æˆ‘æœ‰6686çš„,[],IPå±åœ°:é‡åº†,2024-01-05 19:35
æ¸…æ™¨ä¾ƒçƒç¬¬ä¸€äºº,https://tieba.baidu.com/home/main?id=tb.1.d9b8986d.iVU7-FcXaDu-0qQCQ13cnw?t=1704455810&fr=pb,ç”¨è½¯ä»¶æ€•ä¸æ˜¯æƒ³å»å–èŒ¶ï¼Œè¸è¸å®å®æ‰¾å®ä½“åº—ä¸é¦™å—ï¼Ÿ,[],IPå±åœ°:ç¦å»º,2024-01-05 19:40
è´´å§ç”¨æˆ·_58R11Kt,https://tieba.baidu.com/home/main?id=tb.1.d9fe93f8.xslXkO-cWlTORVFiFnCp3g&fr=pb,ç§ï¼Œæˆ‘è¿™é‡Œçš„é è°±,[],IPå±åœ°:æ¹–å—,2024-01-07 10:55
ä¸€å¶çŸ¥ç§‹__&,https://tieba.baidu.com/home/main?id=tb.1.dee129be.i-bLET0FTznFfo2ycm64UA?t=1705377340&fr=pb,å…³  ç§,[],IPå±åœ°:æ±Ÿè¥¿,2024-01-08 14:57
æˆ‘æ˜¯è€ä¹,https://tieba.baidu.com/home/main?id=tb.1.9bcff241.Ab8gsehttB7WXF0gkFmORg?t=1704254196&fr=pb,è¿™éƒ½æ˜¯ä¸€ç¾¤ç‹¼å•Šã€‚æ¥¼ä¸»è¿˜æ˜¯å°å¿ƒäº†ã€‚è¿˜æœ‰å”±åŒç°§çš„ã€‚å“ˆå“ˆå“ˆã€‚çœŸæ˜¯å¤§èªæ˜ã€‚ç¬‘æ­»äººã€‚,[],IPå±åœ°:å››å·,2024-01-10 19:54
è¶³çƒå°æº,https://tieba.baidu.com/home/main?id=tb.1.6dcdb20e.WnBnZgNdLHyrayctUNaR6w?t=1474992281&fr=pb,å°éœ€è¦ğŸ‰‘ï¸ç§,[],IPå±åœ°:æµ·å—,2024-01-11 18:26
å®ä½“åº—å°å¼ ,https://tieba.baidu.com/home/main?id=tb.1.9917a28.D5YBHkwecRyYQxAiN8naSg?t=1704984478&fr=pb,æ‹›åŒè¡Œä¸‹çº¿ï¼Œæˆ‘è¿™é‡Œèƒ½æä¾›é«˜çš„ç‚¹å­,[],IPå±åœ°:å››å·,2024-01-11 21:30
å®ä½“åº—å°å¼ ,https://tieba.baidu.com/home/main?id=tb.1.9917a28.D5YBHkwecRyYQxAiN8naSg?t=1704984478&fr=pb,æ‹›ä¸‹çº¿ï¼Œé«˜ç‚¹ä½,[],IPå±åœ°:å››å·,2024-01-11 21:31
DN620Hj,https://tieba.baidu.com/home/main?id=tb.1.cfa3df04.IU3qXj-IG5FhuQae6_zeGA&fr=pb,å¯¹å†²æ‰“æ°´ï¼Œä¸“ä¸šæ‰¾æˆ‘,[],IPå±åœ°:æ¹–å—,2024-01-12 03:46
æ¨å¯çˆ±,https://tieba.baidu.com/home/main?id=tb.1.cc4fd73b.oaPMtGCYrPhyd5ZbeVYRoQ?t=1561088276&fr=pb,è¿™é‡Œ,[],IPå±åœ°:é‡åº†,2024-01-13 15:23
ğŸ‘‘èƒ,https://tieba.baidu.com/home/main?id=tb.1.e0ffd042.s9-u1CPDWNIJVz-Us6WAXQ?t=1705042737&fr=pb,è¿™è¾¹ç¨³å¾—ä¸€æ‰¹,[],IPå±åœ°:ç¦å»º,2024-01-13 15:32
æ¢¦é—èŠ±1994,https://tieba.baidu.com/home/main?id=tb.1.b1e36913.TEeph8LJ7L4FEmqjPtsG2w&fr=pb,è‡ªæ‹¿ä¹äº”,[],IPå±åœ°:è´µå·,2024-01-19 00:22
_FmmH,https://tieba.baidu.com/home/main?id=tb.1.bd203e22._DRsJy50-c5UBWgyvPyaxA?t=1686031728&fr=pb,,['http://tiebapic.baidu.com/forum/w%3D580/sign=8b5ed0391a6034a829e2b889fb1349d9/9794a4c27d1ed21b1c8f77ddeb6eddc451da3f47.jpg?tbpicau=2024-02-04-05_6c408af61f4ae1ddfe5a220668102b6a'],IPå±åœ°:å¹¿ä¸œ,2024-01-19 00:43
æœ‹å…‹60,https://tieba.baidu.com/home/main?id=tb.1.429ace67.neLoLoA3D7BoC5h9KN5UfA&fr=pb,å¤šäº†å»äº†,[],IPå±åœ°:ä¸­å›½é¦™æ¸¯,2024-02-01 13:48
ç”œæ —o,https://tieba.baidu.com/home/main?id=tb.1.90c44de0.Bl_FPmPw1zV85oCutHVvFA?t=1686245422&fr=pb,å¼€äº‘æœ‰å—,[],IPå±åœ°:æ¹–åŒ—,2024-02-02 03:11
å°ä¸‘ä¸¶nsl,https://tieba.baidu.com/home/main?id=tb.1.e60d9520.i1u29s57bHhE7CJfk9llyg?t=1443549084&fr=pb,æ€ä¹ˆè”ç³»ï¼Œæˆ‘ä»¥å‰çš„ç½‘æ‰¾ä¸åˆ°äº†ï¼Œç°åœ¨æƒ³ç©äº†,[],IPå±åœ°:å¹¿ä¸œ,2024-02-02 03:20
èŠ±å„¿ä¸€æ ·çº¢08,https://tieba.baidu.com/home/main?id=tb.1.39f01880.vWSlOOEX3xwXao15iUZHRw&fr=pb,åå‡ å¹´è€ç‰Œï¼Œæ— é»‘å†å²ï¼Œno.1,[],IPå±åœ°:è¾½å®,2024-02-02 11:06
è´´å§ç”¨æˆ·_Ja46P6U,https://tieba.baidu.com/home/main?id=tb.1.f0a832ab.qVu-0t0PCQCseBzUjQF3Ng&fr=pb,äº’å…³å…„å¼Ÿï¼Œ,[],IPå±åœ°:æµ·å—,2024-02-02 11:12
